age,workclass,education,education-num,marital-status,occupation,relationship,race,sex,hours-per-week,native-country,salary
55, Self-emp-not-inc, HS-grad,9, Married-civ-spouse, Transport-moving, Husband, White, Male,72, United-States, <=50K
26, Private, Assoc-voc,11, Never-married, Tech-support, Own-child, White, Male,40, United-States, <=50K
17, Private, 12th,8, Never-married, Handlers-cleaners, Own-child, White, Male,20, United-States, <=50K
32, Private, Some-college,10, Never-married, Adm-clerical, Own-child, Black, Female,40, United-States, <=50K
29, Private, 11th,7, Never-married, Craft-repair, Own-child, Black, Male,40, Haiti, <=50K
46, State-gov, Bachelors,13, Married-civ-spouse, Prof-specialty, Husband, White, Male,37, United-States, <=50K
22, Private, Bachelors,13, Never-married, Prof-specialty, Unmarried, White, Male,20, United-States, <=50K
58, Self-emp-not-inc, 10th,6, Married-civ-spouse, Craft-repair, Husband, White, Male,40, United-States, <=50K
23, Private, HS-grad,9, Never-married, Transport-moving, Unmarried, White, Male,50, United-States, <=50K
39, Private, HS-grad,9, Never-married, Handlers-cleaners, Not-in-family, White, Male,40, United-States, <=50K
27, Private, Assoc-voc,11, Never-married, Craft-repair, Own-child, White, Male,38, United-States, <=50K
33, Local-gov, Bachelors,13, Never-married, Prof-specialty, Not-in-family, White, Female,45, United-States, <=50K
37, Private, HS-grad,9, Never-married, Farming-fishing, Not-in-family, Black, Male,40, United-States, <=50K
36, Private, HS-grad,9, Never-married, Other-service, Not-in-family, White, Female,18, United-States, <=50K
34, Local-gov, HS-grad,9, Divorced, Protective-serv, Unmarried, White, Male,40, Portugal, <=50K
32, Private, 10th,6, Separated, Other-service, Unmarried, White, Female,42, United-States, <=50K
31, State-gov, Some-college,10, Married-spouse-absent, Other-service, Other-relative, White, Male,40, United-States, <=50K
22, Private, Some-college,10, Married-civ-spouse, Sales, Wife, White, Female,30, Germany, <=50K
47, Self-emp-not-inc, Bachelors,13, Divorced, Sales, Not-in-family, White, Female,50, United-States, <=50K
32, Private, HS-grad,9, Never-married, Machine-op-inspct, Not-in-family, White, Male,40, United-States, <=50K
26, Private, Some-college,10, Never-married, Farming-fishing, Not-in-family, White, Female,38, United-States, <=50K
37, Private, 5th-6th,3, Separated, Farming-fishing, Not-in-family, White, Male,32, Guatemala, <=50K
31, Private, HS-grad,9, Divorced, Craft-repair, Unmarried, White, Male,55, United-States, <=50K
55, Private, HS-grad,9, Never-married, Sales, Not-in-family, White, Male,38, United-States, <=50K
23, Local-gov, Assoc-voc,11, Divorced, Tech-support, Not-in-family, White, Male,56, United-States, <=50K
36, Private, Some-college,10, Divorced, Adm-clerical, Unmarried, White, Female,40, United-States, <=50K
54, Private, Some-college,10, Never-married, Tech-support, Not-in-family, White, Male,40, United-States, <=50K
28, Private, Assoc-voc,11, Never-married, Machine-op-inspct, Not-in-family, White, Female,42, United-States, <=50K
41, Self-emp-not-inc, Some-college,10, Married-civ-spouse, Exec-managerial, Husband, White, Male,60, United-States, <=50K
42, Private, Some-college,10, Divorced, Adm-clerical, Not-in-family, Black, Female,38, United-States, <=50K
61, Self-emp-not-inc, HS-grad,9, Married-civ-spouse, Farming-fishing, Husband, White, Male,50, United-States, <=50K
18, Private, 12th,8, Never-married, Machine-op-inspct, Own-child, White, Male,30, United-States, <=50K
41, Self-emp-inc, Bachelors,13, Married-civ-spouse, Tech-support, Husband, White, Male,40, United-States, <=50K
23, Private, HS-grad,9, Never-married, Sales, Not-in-family, White, Female,40, United-States, <=50K
22, Private, Some-college,10, Never-married, Other-service, Other-relative, Black, Male,20, United-States, <=50K
61, Private, HS-grad,9, Married-civ-spouse, Machine-op-inspct, Husband, White, Male,40, United-States, <=50K
25, Private, HS-grad,9, Never-married, Machine-op-inspct, Not-in-family, Black, Male,40, United-States, <=50K
43, Private, Assoc-acdm,12, Divorced, Craft-repair, Not-in-family, White, Male,40, United-States, <=50K
24, Private, HS-grad,9, Never-married, Other-service, Own-child, Black, Male,30, United-States, <=50K
68, Self-emp-not-inc, 11th,7, Never-married, Farming-fishing, Unmarried, White, Male,20, United-States, <=50K
31, Private, HS-grad,9, Divorced, Adm-clerical, Unmarried, White, Female,38, United-States, <=50K
17, Private, 11th,7, Never-married, Sales, Own-child, White, Female,20, United-States, <=50K
20, Private, HS-grad,9, Never-married, Transport-moving, Own-child, White, Male,30, United-States, <=50K
30, Private, HS-grad,9, Separated, Other-service, Own-child, White, Female,36, United-States, <=50K
43, Private, Some-college,10, Divorced, Exec-managerial, Not-in-family, White, Male,45, United-States, <=50K
22, Private, Some-college,10, Never-married, Adm-clerical, Own-child, White, Male,40, United-States, <=50K
17, Private, 10th,6, Never-married, Farming-fishing, Own-child, White, Male,20, United-States, <=50K
47, Self-emp-not-inc, HS-grad,9, Married-civ-spouse, Other-service, Wife, White, Female,75, Italy, <=50K
41, Private, Assoc-voc,11, Never-married, Prof-specialty, Not-in-family, White, Female,60, United-States, <=50K
64, Private, HS-grad,9, Married-civ-spouse, Transport-moving, Husband, White, Male,45, United-States, <=50K
48, Private, Assoc-voc,11, Never-married, Adm-clerical, Unmarried, White, Male,40, United-States, <=50K
31, Private, Masters,14, Never-married, Prof-specialty, Not-in-family, White, Female,46, United-States, <=50K
29, Private, Assoc-voc,11, Never-married, Tech-support, Own-child, White, Male,40, United-States, <=50K
30, Private, HS-grad,9, Widowed, Adm-clerical, Not-in-family, White, Female,40, United-States, <=50K
32, Private, HS-grad,9, Married-civ-spouse, Exec-managerial, Husband, White, Male,60, United-States, <=50K
62, Private, HS-grad,9, Widowed, Other-service, Not-in-family, White, Female,40, United-States, <=50K
39, Private, HS-grad,9, Separated, Machine-op-inspct, Unmarried, White, Female,24, United-States, <=50K
43, Private, Some-college,10, Never-married, Adm-clerical, Not-in-family, White, Male,25, United-States, <=50K
24, Self-emp-inc, Bachelors,13, Never-married, Sales, Own-child, White, Male,40, United-States, <=50K
26, Private, Some-college,10, Never-married, Handlers-cleaners, Own-child, White, Male,40, United-States, <=50K
73, Self-emp-not-inc, HS-grad,9, Married-civ-spouse, Exec-managerial, Husband, White, Male,40, United-States, <=50K
55, Private, HS-grad,9, Married-civ-spouse, Machine-op-inspct, Husband, White, Male,40, United-States, <=50K
25, Private, HS-grad,9, Divorced, Adm-clerical, Not-in-family, White, Male,40, United-States, <=50K
24, Private, Bachelors,13, Never-married, Exec-managerial, Not-in-family, White, Male,50, United-States, <=50K
63, Private, HS-grad,9, Widowed, Farming-fishing, Not-in-family, White, Male,6, United-States, <=50K
17, Private, 11th,7, Never-married, Sales, Own-child, White, Male,20, United-States, <=50K
35, Private, Some-college,10, Married-civ-spouse, Craft-repair, Husband, White, Male,50, United-States, <=50K
62, Local-gov, Bachelors,13, Widowed, Prof-specialty, Not-in-family, White, Female,48, United-States, <=50K
43, Private, Some-college,10, Divorced, Prof-specialty, Not-in-family, White, Male,40, United-States, <=50K
40, Local-gov, HS-grad,9, Divorced, Other-service, Not-in-family, White, Female,50, United-States, <=50K
39, Private, Bachelors,13, Married-civ-spouse, Craft-repair, Husband, White, Male,40, United-States, <=50K
31, Private, HS-grad,9, Never-married, Craft-repair, Own-child, White, Male,18, United-States, <=50K
26, Private, Assoc-voc,11, Divorced, Adm-clerical, Not-in-family, White, Female,55, United-States, <=50K
46, Self-emp-not-inc, HS-grad,9, Married-civ-spouse, Sales, Husband, White, Male,50, United-States, <=50K
26, Private, Bachelors,13, Never-married, Prof-specialty, Not-in-family, White, Female,40, United-States, <=50K
34, Private, HS-grad,9, Never-married, Transport-moving, Own-child, White, Male,40, United-States, <=50K
34, Local-gov, HS-grad,9, Never-married, Adm-clerical, Own-child, White, Female,40, United-States, <=50K
34, Private, Bachelors,13, Never-married, Prof-specialty, Own-child, White, Female,40, United-States, <=50K
18, Private, 11th,7, Never-married, Adm-clerical, Own-child, White, Female,20, United-States, <=50K
43, Private, HS-grad,9, Married-civ-spouse, Farming-fishing, Husband, White, Male,40, Mexico, <=50K
48, Private, 11th,7, Married-civ-spouse, Exec-managerial, Husband, White, Male,50, United-States, <=50K
28, Self-emp-inc, Some-college,10, Married-civ-spouse, Exec-managerial, Husband, White, Male,70, United-States, <=50K
24, Private, Some-college,10, Never-married, Sales, Not-in-family, White, Female,15, United-States, <=50K
21, Private, 10th,6, Never-married, Handlers-cleaners, Not-in-family, White, Male,40, United-States, <=50K
17, Private, 11th,7, Never-married, Sales, Own-child, White, Male,28, United-States, <=50K
29, Self-emp-not-inc, Bachelors,13, Separated, Prof-specialty, Own-child, White, Male,40, United-States, <=50K
24, Private, Some-college,10, Never-married, Transport-moving, Own-child, White, Male,50, United-States, <=50K
55, Private, 5th-6th,3, Divorced, Other-service, Unmarried, Black, Male,25, United-States, <=50K
23, Private, HS-grad,9, Never-married, Handlers-cleaners, Unmarried, Black, Female,7, United-States, <=50K
38, Private, Assoc-voc,11, Divorced, Adm-clerical, Unmarried, White, Female,40, United-States, <=50K
19, Private, HS-grad,9, Never-married, Adm-clerical, Not-in-family, White, Female,30, United-States, <=50K
49, Private, 9th,5, Divorced, Machine-op-inspct, Not-in-family, White, Female,40, United-States, <=50K
27, Private, HS-grad,9, Married-civ-spouse, Craft-repair, Husband, White, Male,70, United-States, <=50K
33, Private, Some-college,10, Married-civ-spouse, Craft-repair, Wife, White, Female,60, United-States, <=50K
23, Private, Bachelors,13, Never-married, Exec-managerial, Own-child, White, Male,28, United-States, <=50K
54, Self-emp-not-inc, HS-grad,9, Married-civ-spouse, Sales, Husband, Black, Male,40, United-States, <=50K
29, Private, Assoc-voc,11, Divorced, Tech-support, Not-in-family, White, Female,45, United-States, <=50K
35, Self-emp-not-inc, Bachelors,13, Never-married, Exec-managerial, Not-in-family, White, Male,40, United-States, <=50K
28, Private, Assoc-voc,11, Married-civ-spouse, Adm-clerical, Wife, Asian-Pac-Islander, Female,40, India, <=50K
40, Private, Masters,14, Married-civ-spouse, Prof-specialty, Husband, White, Male,40, United-States, <=50K
47, Private, Some-college,10, Divorced, Sales, Own-child, White, Male,55, United-States, <=50K
22, Private, Bachelors,13, Never-married, Exec-managerial, Own-child, White, Female,50, United-States, <=50K
28, Private, HS-grad,9, Married-civ-spouse, Tech-support, Husband, White, Male,40, United-States, <=50K
63, Local-gov, 7th-8th,4, Married-civ-spouse, Other-service, Husband, White, Male,55, United-States, <=50K
51, Self-emp-not-inc, 9th,5, Married-civ-spouse, Craft-repair, Husband, White, Male,20, United-States, <=50K
22, Private, HS-grad,9, Never-married, Handlers-cleaners, Own-child, White, Female,40, United-States, <=50K
35, Private, HS-grad,9, Never-married, Sales, Not-in-family, White, Male,45, United-States, <=50K
46, Private, HS-grad,9, Divorced, Machine-op-inspct, Not-in-family, White, Female,38, United-States, <=50K
37, Private, Some-college,10, Divorced, Machine-op-inspct, Not-in-family, White, Male,52, United-States, <=50K
24, Private, Bachelors,13, Never-married, Prof-specialty, Own-child, Black, Male,15, United-States, <=50K
37, Self-emp-not-inc, HS-grad,9, Divorced, Handlers-cleaners, Own-child, White, Male,10, United-States, <=50K
53, Private, Some-college,10, Married-civ-spouse, Tech-support, Husband, White, Male,40, United-States, <=50K
27, Private, HS-grad,9, Never-married, Sales, Not-in-family, White, Male,30, United-States, <=50K
38, Private, Some-college,10, Divorced, Craft-repair, Not-in-family, White, Male,44, United-States, <=50K
53, Self-emp-not-inc, 10th,6, Married-civ-spouse, Farming-fishing, Husband, White, Male,60, United-States, <=50K
34, Private, Some-college,10, Never-married, Craft-repair, Not-in-family, White, Male,40, United-States, <=50K
23, Private, HS-grad,9, Never-married, Sales, Own-child, Black, Male,40, United-States, <=50K
43, Private, Masters,14, Married-civ-spouse, Prof-specialty, Wife, Asian-Pac-Islander, Female,50, South, <=50K
81, Self-emp-not-inc, HS-grad,9, Married-civ-spouse, Exec-managerial, Husband, White, Male,30, United-States, <=50K
21, Private, Some-college,10, Never-married, Other-service, Own-child, White, Male,20, United-States, <=50K
23, Private, Some-college,10, Never-married, Sales, Not-in-family, White, Male,25, United-States, <=50K
25, Private, Some-college,10, Never-married, Transport-moving, Unmarried, White, Male,40, United-States, <=50K
42, Private, 5th-6th,3, Married-civ-spouse, Machine-op-inspct, Wife, White, Female,38, Mexico, <=50K
38, Private, Some-college,10, Married-civ-spouse, Adm-clerical, Wife, Black, Female,40, United-States, <=50K
32, Private, HS-grad,9, Married-civ-spouse, Machine-op-inspct, Husband, White, Male,40, United-States, <=50K
37, Private, HS-grad,9, Married-civ-spouse, Machine-op-inspct, Husband, White, Male,40, United-States, <=50K
22, Private, Some-college,10, Never-married, Sales, Not-in-family, White, Female,42, United-States, <=50K
33, Private, 1st-4th,2, Married-spouse-absent, Priv-house-serv, Not-in-family, White, Female,40, Guatemala, <=50K
42, Private, HS-grad,9, Divorced, Machine-op-inspct, Not-in-family, White, Male,55, United-States, <=50K
51, Local-gov, Preschool,1, Married-civ-spouse, Other-service, Husband, White, Male,40, United-States, <=50K
23, Private, HS-grad,9, Married-civ-spouse, Adm-clerical, Wife, White, Female,40, Mexico, <=50K
47, Private, Masters,14, Never-married, Prof-specialty, Not-in-family, White, Female,25, United-States, <=50K
33, Private, HS-grad,9, Married-civ-spouse, Craft-repair, Husband, White, Male,30, United-States, <=50K
31, Private, Assoc-acdm,12, Divorced, Other-service, Unmarried, Amer-Indian-Eskimo, Female,40, United-States, <=50K
35, Private, HS-grad,9, Married-civ-spouse, Machine-op-inspct, Husband, Black, Male,40, United-States, <=50K
18, Private, HS-grad,9, Never-married, Other-service, Not-in-family, White, Female,45, United-States, <=50K
54, Local-gov, Some-college,10, Divorced, Exec-managerial, Unmarried, Black, Female,35, United-States, <=50K
40, Private, Some-college,10, Divorced, Adm-clerical, Unmarried, White, Female,40, United-States, <=50K
43, Private, Some-college,10, Divorced, Craft-repair, Unmarried, White, Male,35, United-States, <=50K
44, Self-emp-not-inc, Some-college,10, Divorced, Farming-fishing, Unmarried, White, Male,40, United-States, <=50K
51, Private, 7th-8th,4, Widowed, Other-service, Unmarried, Black, Female,40, United-States, <=50K
18, Private, HS-grad,9, Never-married, Other-service, Own-child, White, Female,20, United-States, <=50K
51, Private, Some-college,10, Married-civ-spouse, Exec-managerial, Husband, White, Male,40, United-States, <=50K
33, Local-gov, 10th,6, Divorced, Transport-moving, Not-in-family, White, Male,40, United-States, <=50K
25, Private, Some-college,10, Married-civ-spouse, Prof-specialty, Husband, White, Male,45, United-States, <=50K
32, Private, HS-grad,9, Divorced, Machine-op-inspct, Not-in-family, White, Female,38, United-States, <=50K
32, Private, Bachelors,13, Married-civ-spouse, Craft-repair, Husband, White, Male,70, Mexico, <=50K
36, Private, 10th,6, Divorced, Exec-managerial, Unmarried, White, Female,40, United-States, <=50K
28, Private, HS-grad,9, Married-civ-spouse, Transport-moving, Husband, White, Male,40, United-States, <=50K
20, Private, HS-grad,9, Never-married, Other-service, Own-child, White, Female,20, United-States, <=50K
55, Self-emp-not-inc, HS-grad,9, Married-civ-spouse, Craft-repair, Husband, White, Male,20, United-States, <=50K
28, Private, Bachelors,13, Never-married, Tech-support, Not-in-family, White, Female,35, United-States, <=50K
37, Private, HS-grad,9, Married-civ-spouse, Craft-repair, Husband, White, Male,40, United-States, <=50K
44, Private, HS-grad,9, Never-married, Transport-moving, Unmarried, White, Male,70, United-States, <=50K
25, Private, Some-college,10, Never-married, Sales, Not-in-family, White, Female,40, United-States, <=50K
21, Private, Some-college,10, Never-married, Exec-managerial, Not-in-family, White, Female,40, United-States, <=50K
78, Private, HS-grad,9, Widowed, Other-service, Not-in-family, Black, Female,40, United-States, <=50K
34, Private, HS-grad,9, Divorced, Handlers-cleaners, Own-child, White, Male,40, United-States, <=50K
49, Private, HS-grad,9, Never-married, Adm-clerical, Not-in-family, White, Female,44, United-States, <=50K
22, Private, Assoc-acdm,12, Never-married, Adm-clerical, Not-in-family, White, Female,40, United-States, <=50K
60, Self-emp-not-inc, HS-grad,9, Never-married, Farming-fishing, Unmarried, White, Male,42, United-States, <=50K
63, Private, Assoc-voc,11, Divorced, Other-service, Not-in-family, White, Female,20, United-States, <=50K
41, Private, HS-grad,9, Never-married, Craft-repair, Own-child, Black, Female,35, United-States, <=50K
47, Private, HS-grad,9, Divorced, Adm-clerical, Unmarried, White, Female,40, United-States, <=50K
44, Private, HS-grad,9, Divorced, Craft-repair, Unmarried, White, Male,40, United-States, <=50K
51, Private, Some-college,10, Widowed, Prof-specialty, Not-in-family, White, Female,40, United-States, <=50K
46, Private, Bachelors,13, Never-married, Sales, Not-in-family, White, Male,40, United-States, <=50K
41, Private, Assoc-voc,11, Married-civ-spouse, Machine-op-inspct, Husband, White, Male,40, United-States, <=50K
50, Self-emp-not-inc, HS-grad,9, Married-civ-spouse, Craft-repair, Husband, White, Male,30, United-States, <=50K
35, Private, HS-grad,9, Never-married, Exec-managerial, Not-in-family, White, Male,45, United-States, <=50K
45, Private, Masters,14, Divorced, Prof-specialty, Not-in-family, White, Male,45, United-States, <=50K
40, Private, Some-college,10, Married-civ-spouse, Machine-op-inspct, Husband, White, Male,40, United-States, <=50K
20, Private, Some-college,10, Never-married, Other-service, Own-child, White, Male,40, United-States, <=50K
23, Local-gov, Bachelors,13, Never-married, Prof-specialty, Own-child, White, Female,60, United-States, <=50K
31, Private, HS-grad,9, Never-married, Other-service, Own-child, White, Male,16, United-States, <=50K
58, Private, Bachelors,13, Married-civ-spouse, Adm-clerical, Husband, White, Male,40, United-States, <=50K
66, Private, HS-grad,9, Separated, Machine-op-inspct, Not-in-family, Black, Male,40, United-States, <=50K
26, Private, Some-college,10, Married-civ-spouse, Sales, Husband, White, Male,50, Germany, <=50K
51, Private, HS-grad,9, Divorced, Machine-op-inspct, Not-in-family, White, Female,40, United-States, <=50K
34, Private, Assoc-voc,11, Never-married, Transport-moving, Own-child, White, Male,40, United-States, <=50K
38, Private, Masters,14, Married-civ-spouse, Prof-specialty, Husband, White, Male,25, United-States, <=50K
48, Private, 7th-8th,4, Married-civ-spouse, Handlers-cleaners, Husband, White, Male,40, United-States, <=50K
51, Private, HS-grad,9, Widowed, Other-service, Unmarried, White, Female,32, United-States, <=50K
22, Private, HS-grad,9, Divorced, Craft-repair, Not-in-family, White, Male,40, United-States, <=50K
41, Private, Some-college,10, Never-married, Craft-repair, Not-in-family, White, Male,50, Japan, <=50K
42, Private, HS-grad,9, Separated, Sales, Not-in-family, White, Female,30, United-States, <=50K
34, Private, Some-college,10, Married-civ-spouse, Other-service, Husband, White, Male,40, United-States, <=50K
23, Private, HS-grad,9, Never-married, Machine-op-inspct, Unmarried, Black, Female,40, United-States, <=50K
56, Private, HS-grad,9, Married-civ-spouse, Other-service, Husband, White, Male,50, Yugoslavia, <=50K
48, Private, 10th,6, Married-civ-spouse, Adm-clerical, Wife, White, Female,40, United-States, <=50K
48, Self-emp-inc, Masters,14, Married-spouse-absent, Sales, Not-in-family, Asian-Pac-Islander, Male,50, India, <=50K
31, Private, Assoc-voc,11, Never-married, Adm-clerical, Not-in-family, White, Female,40, United-States, <=50K
20, State-gov, Assoc-acdm,12, Never-married, Other-service, Own-child, White, Male,20, United-States, <=50K
27, Private, Some-college,10, Never-married, Sales, Not-in-family, White, Male,40, United-States, <=50K
32, Private, HS-grad,9, Never-married, Other-service, Not-in-family, Black, Female,40, United-States, <=50K
37, Private, HS-grad,9, Never-married, Other-service, Not-in-family, White, Male,75, United-States, <=50K
34, Private, HS-grad,9, Divorced, Priv-house-serv, Unmarried, Black, Female,30, United-States, <=50K
90, Private, HS-grad,9, Never-married, Other-service, Not-in-family, White, Female,40, United-States, <=50K
23, Private, Some-college,10, Never-married, Machine-op-inspct, Own-child, Black, Female,40, United-States, <=50K
24, Private, Some-college,10, Never-married, Tech-support, Not-in-family, White, Female,37, United-States, <=50K
28, Private, Prof-school,15, Divorced, Prof-specialty, Unmarried, White, Male,55, United-States, <=50K
23, Private, Some-college,10, Married-civ-spouse, Other-service, Husband, White, Male,40, United-States, <=50K
20, Private, Some-college,10, Never-married, Sales, Not-in-family, White, Female,50, United-States, <=50K
38, Private, Some-college,10, Divorced, Craft-repair, Not-in-family, White, Male,40, Iran, <=50K
32, Private, Bachelors,13, Married-civ-spouse, Sales, Husband, White, Male,40, United-States, <=50K
30, Self-emp-not-inc, 12th,8, Married-civ-spouse, Transport-moving, Husband, White, Male,75, United-States, <=50K
41, Private, Assoc-voc,11, Divorced, Craft-repair, Not-in-family, White, Female,40, United-States, <=50K
43, Self-emp-not-inc, HS-grad,9, Married-civ-spouse, Exec-managerial, Husband, White, Male,35, United-States, <=50K
61, Private, HS-grad,9, Married-civ-spouse, Machine-op-inspct, Husband, White, Male,40, United-States, <=50K
54, Private, HS-grad,9, Married-civ-spouse, Other-service, Husband, White, Male,32, Mexico, <=50K
34, Private, Assoc-acdm,12, Separated, Other-service, Unmarried, White, Female,40, United-States, <=50K
38, Private, Some-college,10, Never-married, Other-service, Own-child, White, Male,40, United-States, <=50K
36, Private, 12th,8, Married-civ-spouse, Transport-moving, Husband, White, Male,40, United-States, <=50K
30, Private, Bachelors,13, Married-civ-spouse, Exec-managerial, Husband, White, Male,50, United-States, <=50K
36, Private, Assoc-acdm,12, Divorced, Tech-support, Not-in-family, White, Female,60, United-States, <=50K
22, Local-gov, Bachelors,13, Never-married, Prof-specialty, Own-child, White, Female,20, United-States, <=50K
17, Private, 11th,7, Never-married, Adm-clerical, Own-child, White, Male,15, United-States, <=50K
19, Self-emp-not-inc, Some-college,10, Never-married, Craft-repair, Own-child, White, Male,20, United-States, <=50K
27, Private, Bachelors,13, Never-married, Sales, Not-in-family, Black, Female,40, United-States, <=50K
22, Private, Bachelors,13, Never-married, Sales, Own-child, Asian-Pac-Islander, Male,50, Taiwan, <=50K
43, Private, Bachelors,13, Separated, Prof-specialty, Unmarried, White, Female,40, United-States, <=50K
19, Local-gov, HS-grad,9, Divorced, Exec-managerial, Not-in-family, White, Female,35, United-States, <=50K
58, Self-emp-not-inc, HS-grad,9, Married-civ-spouse, Farming-fishing, Husband, White, Male,60, United-States, <=50K
31, Private, Some-college,10, Married-civ-spouse, Adm-clerical, Husband, White, Male,40, United-States, <=50K
30, Private, Assoc-voc,11, Married-civ-spouse, Transport-moving, Husband, White, Male,40, United-States, <=50K
32, Private, HS-grad,9, Married-civ-spouse, Protective-serv, Husband, White, Male,40, United-States, <=50K
29, Private, Bachelors,13, Never-married, Exec-managerial, Not-in-family, White, Male,35, United-States, <=50K
38, Private, HS-grad,9, Divorced, Craft-repair, Own-child, White, Male,28, United-States, <=50K
31, Private, Doctorate,16, Married-spouse-absent, Prof-specialty, Not-in-family, Asian-Pac-Islander, Male,60, China, <=50K
34, Private, HS-grad,9, Divorced, Craft-repair, Not-in-family, White, Male,40, United-States, <=50K
21, Private, Some-college,10, Never-married, Adm-clerical, Own-child, White, Male,40, United-States, <=50K
22, Self-emp-not-inc, Bachelors,13, Never-married, Prof-specialty, Own-child, Asian-Pac-Islander, Male,20, India, <=50K
62, Private, 10th,6, Married-civ-spouse, Machine-op-inspct, Husband, White, Male,40, United-States, <=50K
43, Private, Some-college,10, Divorced, Prof-specialty, Unmarried, White, Female,40, United-States, <=50K
53, Private, Some-college,10, Married-civ-spouse, Adm-clerical, Wife, White, Female,40, United-States, >50K
41, Private, Bachelors,13, Divorced, Prof-specialty, Not-in-family, White, Female,50, United-States, >50K
51, Private, Some-college,10, Married-civ-spouse, Prof-specialty, Husband, White, Male,40, United-States, >50K
55, Private, HS-grad,9, Married-civ-spouse, Craft-repair, Husband, White, Male,40, United-States, >50K
37, Private, Bachelors,13, Married-civ-spouse, Exec-managerial, Husband, White, Male,45, United-States, >50K
61, Private, Masters,14, Widowed, Prof-specialty, Not-in-family, White, Female,40, United-States, >50K
48, State-gov, Doctorate,16, Divorced, Prof-specialty, Own-child, White, Male,50, United-States, >50K
59, Private, HS-grad,9, Married-civ-spouse, Other-service, Husband, White, Male,40, United-States, >50K
49, Private, Bachelors,13, Never-married, Exec-managerial, Not-in-family, White, Female,56, United-States, >50K
39, Private, Some-college,10, Married-civ-spouse, Farming-fishing, Husband, White, Male,50, United-States, >50K
44, Private, Bachelors,13, Married-civ-spouse, Exec-managerial, Husband, White, Male,40, United-States, >50K
71, Self-emp-not-inc, Masters,14, Married-civ-spouse, Sales, Husband, White, Male,40, United-States, >50K
51, Self-emp-not-inc, Bachelors,13, Married-civ-spouse, Sales, Husband, Asian-Pac-Islander, Male,40, China, >50K
41, Private, Bachelors,13, Married-civ-spouse, Exec-managerial, Husband, White, Male,60, United-States, >50K
39, Private, HS-grad,9, Married-civ-spouse, Transport-moving, Husband, White, Male,40, United-States, >50K
32, Private, Bachelors,13, Married-civ-spouse, Adm-clerical, Other-relative, White, Male,40, Philippines, >50K
38, Private, Bachelors,13, Married-civ-spouse, Sales, Husband, White, Male,50, United-States, >50K
37, Private, Bachelors,13, Married-civ-spouse, Prof-specialty, Husband, White, Male,50, United-States, >50K
42, Self-emp-not-inc, Prof-school,15, Married-civ-spouse, Farming-fishing, Husband, White, Male,65, United-States, >50K
30, Private, Bachelors,13, Married-civ-spouse, Exec-managerial, Husband, White, Male,45, United-States, >50K
39, Private, Bachelors,13, Married-civ-spouse, Exec-managerial, Husband, White, Male,45, United-States, >50K
67, Self-emp-inc, HS-grad,9, Married-civ-spouse, Exec-managerial, Husband, Asian-Pac-Islander, Male,40, United-States, >50K
51, Private, Masters,14, Married-civ-spouse, Exec-managerial, Husband, White, Male,60, United-States, >50K
37, Private, 11th,7, Married-civ-spouse, Machine-op-inspct, Husband, White, Male,44, United-States, >50K
37, Private, HS-grad,9, Married-civ-spouse, Craft-repair, Husband, White, Male,99, United-States, >50K
41, Private, Prof-school,15, Married-civ-spouse, Prof-specialty, Husband, White, Male,40, United-States, >50K
31, Private, Bachelors,13, Never-married, Sales, Not-in-family, White, Male,40, United-States, >50K
38, Self-emp-inc, HS-grad,9, Married-civ-spouse, Exec-managerial, Husband, White, Male,40, United-States, >50K
36, Self-emp-inc, Bachelors,13, Married-civ-spouse, Exec-managerial, Wife, White, Female,45, United-States, >50K
44, State-gov, HS-grad,9, Married-civ-spouse, Prof-specialty, Wife, White, Female,40, United-States, >50K
43, Private, Masters,14, Married-civ-spouse, Exec-managerial, Husband, White, Male,43, United-States, >50K
44, Self-emp-inc, Some-college,10, Married-civ-spouse, Sales, Husband, White, Male,70, United-States, >50K
33, Self-emp-not-inc, Bachelors,13, Married-civ-spouse, Exec-managerial, Husband, White, Male,40, United-States, >50K
42, Private, Assoc-acdm,12, Married-civ-spouse, Exec-managerial, Husband, White, Male,40, United-States, >50K
35, Self-emp-inc, Some-college,10, Married-civ-spouse, Sales, Husband, White, Male,60, United-States, >50K
48, Private, Bachelors,13, Married-civ-spouse, Exec-managerial, Husband, Asian-Pac-Islander, Male,40, India, >50K
34, Private, HS-grad,9, Married-civ-spouse, Craft-repair, Husband, White, Male,35, United-States, >50K
67, Private, Bachelors,13, Widowed, Exec-managerial, Not-in-family, White, Male,40, United-States, >50K
40, State-gov, Masters,14, Married-civ-spouse, Prof-specialty, Husband, White, Male,35, United-States, >50K
45, Local-gov, HS-grad,9, Widowed, Protective-serv, Not-in-family, White, Male,40, United-States, >50K
47, Private, HS-grad,9, Married-civ-spouse, Adm-clerical, Husband, White, Male,50, United-States, >50K
56, Private, HS-grad,9, Married-civ-spouse, Exec-managerial, Husband, White, Male,55, United-States, >50K
48, Federal-gov, Bachelors,13, Divorced, Exec-managerial, Unmarried, White, Male,58, United-States, >50K
39, Self-emp-inc, Bachelors,13, Married-civ-spouse, Exec-managerial, Husband, White, Male,50, United-States, >50K
50, Private, Doctorate,16, Married-civ-spouse, Prof-specialty, Husband, White, Male,65, United-States, >50K
38, State-gov, HS-grad,9, Married-civ-spouse, Prof-specialty, Wife, White, Female,40, United-States, >50K
39, Self-emp-inc, HS-grad,9, Married-civ-spouse, Exec-managerial, Husband, White, Male,40, United-States, >50K
54, Self-emp-not-inc, HS-grad,9, Married-civ-spouse, Craft-repair, Husband, White, Male,52, United-States, >50K
50, Private, HS-grad,9, Married-civ-spouse, Machine-op-inspct, Husband, White, Male,40, United-States, >50K
42, Private, Some-college,10, Married-civ-spouse, Prof-specialty, Husband, White, Male,44, United-States, >50K
33, Private, Assoc-voc,11, Married-civ-spouse, Tech-support, Wife, White, Female,40, United-States, >50K
48, Local-gov, Masters,14, Married-civ-spouse, Prof-specialty, Husband, White, Male,35, United-States, >50K
45, Private, HS-grad,9, Married-civ-spouse, Exec-managerial, Husband, White, Male,55, United-States, >50K
44, Private, Bachelors,13, Married-civ-spouse, Exec-managerial, Husband, White, Male,60, United-States, >50K
36, Private, Bachelors,13, Married-civ-spouse, Prof-specialty, Husband, White, Male,50, United-States, >50K
53, Self-emp-not-inc, Bachelors,13, Married-civ-spouse, Sales, Husband, White, Male,40, Canada, >50K
30, Private, Bachelors,13, Married-civ-spouse, Adm-clerical, Husband, White, Male,40, United-States, >50K
52, Self-emp-not-inc, Some-college,10, Married-civ-spouse, Sales, Husband, White, Male,55, United-States, >50K
49, Local-gov, Masters,14, Married-civ-spouse, Prof-specialty, Husband, White, Male,40, United-States, >50K
45, Private, HS-grad,9, Married-civ-spouse, Craft-repair, Husband, White, Male,47, United-States, >50K
49, Private, Some-college,10, Married-civ-spouse, Sales, Husband, White, Male,80, United-States, >50K
35, Private, Prof-school,15, Married-civ-spouse, Prof-specialty, Husband, White, Male,80, United-States, >50K
38, Private, HS-grad,9, Married-civ-spouse, Craft-repair, Husband, White, Male,40, United-States, >50K
37, Private, HS-grad,9, Married-civ-spouse, Craft-repair, Husband, White, Male,50, United-States, >50K
48, State-gov, Doctorate,16, Married-civ-spouse, Prof-specialty, Wife, White, Female,46, United-States, >50K
43, State-gov, Assoc-voc,11, Married-civ-spouse, Prof-specialty, Wife, White, Female,40, United-States, >50K
41, Local-gov, Some-college,10, Married-civ-spouse, Protective-serv, Husband, White, Male,40, United-States, >50K
42, Private, Some-college,10, Married-civ-spouse, Exec-managerial, Husband, White, Male,52, United-States, >50K
41, Federal-gov, Assoc-acdm,12, Married-civ-spouse, Prof-specialty, Husband, White, Male,40, United-States, >50K
44, Self-emp-not-inc, Bachelors,13, Never-married, Sales, Not-in-family, White, Male,50, United-States, >50K
29, Self-emp-inc, HS-grad,9, Married-civ-spouse, Sales, Wife, White, Female,25, United-States, >50K
